Model,Accuracy,Precision,Recall,F1_Score,AUC_ROC,Optimal_Threshold
RandomForest_Improved,0.8542074363992173,0.16326530612244897,0.48,0.2436548223350254,0.7909567901234568,0.335
